103.62566844919786,0.0053107133514110234,0.0,0.09411764705882353,0.0074866310160427805,0.10374331550802139,0.7358288770053476,0.16042780748663102,-65.36042780748663,0.12941176470588237,0.18181818181818182,0.0
116.12920837124659,0.0045232940024148354,0.0,0.10646041856232939,0.0,0.10737033666969972,0.7097361237488626,0.18289353958143767,-65.06501831501832,0.14012738853503184,0.20746132848043677,0.0
118.90968342644321,0.004642554787087418,0.0,0.10521415270018622,0.004655493482309125,0.11266294227188083,0.7011173184357542,0.186219739292365,-65.10037523452158,0.14618249534450653,0.20763500931098697,0.0
103.67610062893081,0.003918772509114935,0.0,0.08490566037735849,0.0015723270440251573,0.08726415094339622,0.789308176100629,0.12342767295597484,-65.18957345971565,0.11635220125786164,0.2429245283018868,0.0
149.23613086770982,0.0035462900412888713,0.0,0.07610241820768136,0.011379800853485065,0.08890469416785206,0.6735419630156472,0.2375533428165007,-59.674873280231715,0.11024182076813656,0.155049786628734,0.0
123.47325102880659,0.0041068643086039055,0.0,0.09465020576131687,0.0032921810699588477,0.09958847736625515,0.7341563786008231,0.1662551440329218,-64.8347245409015,0.13497942386831277,0.21810699588477367,0.0
152.65135699373695,0.005212365522155443,0.0,0.09498956158663883,0.006263048016701462,0.1022964509394572,0.7077244258872651,0.18997912317327767,-64.72737068965517,0.13465553235908143,0.22338204592901878,0.0
125.66322314049587,0.005150164295500289,0.0,0.0981404958677686,0.014462809917355372,0.11466942148760331,0.7283057851239669,0.15702479338842976,-64.23117154811716,0.13946280991735538,0.22107438016528927,0.0
171.0689972401104,0.004576850332607881,0.0,0.10763569457221711,0.0,0.11131554737810488,0.7074517019319227,0.1812327506899724,-65.04234841193455,0.140754369825207,0.24655013799448022,0.0
102.33795918367348,0.004085573300816654,0.0,0.08163265306122448,0.013061224489795919,0.0963265306122449,0.7681632653061224,0.13551020408163264,-64.31290849673202,0.11510204081632654,0.21877551020408162,0.0
97.2803738317757,0.0038936141869655738,0.0,0.08566978193146417,0.000778816199376947,0.08800623052959501,0.7858255451713395,0.1261682242990654,-64.58566978193146,0.1191588785046729,0.22118380062305296,0.0
148.30093071354705,0.005107923324063698,0.0,0.10237849017580145,0.015511892450879007,0.1189245087900724,0.7063081695966908,0.17476732161323683,-64.61849096705632,0.14270941054808686,0.21199586349534644,0.0
161.79209486166008,0.0039046369021451927,0.0,0.07351778656126483,0.011857707509881422,0.08616600790513834,0.6703557312252965,0.24347826086956523,-64.6141924959217,0.108300395256917,0.2134387351778656,0.0
101.94246353322528,0.004007194260707833,0.0,0.09562398703403566,0.0,0.09724473257698542,0.7576985413290114,0.14505672609400325,-65.00891410048622,0.12965964343598055,0.22123176661264182,0.0
109.6356945722171,0.004560127003636369,0.0,0.09199632014719411,0.014719411223551058,0.10763569457221711,0.7138914443422263,0.17847286108555657,-65.05350553505535,0.13983440662373506,0.19135234590616376,0.0
126.2183908045977,0.005197184355189112,0.0,0.1180773249738767,0.0041797283176593526,0.12434691745036573,0.6342737722048067,0.2413793103448276,-65.03357817418677,0.15047021943573669,0.18808777429467086,0.0
126.67976278724981,0.0037009593994751884,0.0,0.08005930318754632,0.012601927353595256,0.09488510007412898,0.6627131208302446,0.24240177909562638,-65.5130890052356,0.11860637509266123,0.19347664936990364,0.0
111.996723996724,0.004098332123678238,0.0,0.07371007371007371,0.0,0.07452907452907453,0.7027027027027027,0.22276822276822278,-66.68982630272953,0.10810810810810811,0.19737919737919737,0.0
107.38351983723297,0.005071927962138065,0.0,0.08646998982706001,0.009155645981688708,0.09562563580874874,0.7395727365208545,0.16480162767039674,-66.64903357070193,0.12919633774160733,0.17599186164801628,0.0
138.64981617647058,0.004582032657261825,0.0,0.11488970588235294,0.009191176470588236,0.12683823529411764,0.6994485294117647,0.17371323529411764,-64.64081255771006,0.15441176470588236,0.22150735294117646,0.0
122.79555555555555,0.004442016000849497,0.0,0.11555555555555555,0.0035555555555555557,0.12355555555555556,0.7013333333333334,0.1751111111111111,-65.63223508459484,0.15644444444444444,0.22133333333333333,0.0
121.04179408766565,0.005077021219292465,0.0,0.09174311926605505,0.0163098878695209,0.10805300713557595,0.7166156982670744,0.17533129459734964,-64.17967145790554,0.12945973496432212,0.19571865443425077,0.0
101.8545966228893,0.004665929051072385,0.0,0.09193245778611632,0.0,0.0947467166979362,0.7345215759849906,0.17073170731707318,-63.31484962406015,0.12288930581613508,0.19230769230769232,0.0
117.42953776775649,0.005577573657843114,0.0,0.10822998872604284,0.010146561443066516,0.12175873731679819,0.6505073280721533,0.2277339346110485,-62.620767494356656,0.161217587373168,0.161217587373168,0.0
114.15126050420169,0.004674152570350148,0.0,0.09523809523809523,0.004668534080298786,0.09990662931839403,0.6956115779645191,0.20448179271708683,-63.22420262664165,0.13258636788048553,0.19514472455648926,0.0
111.76541850220265,0.005520011781989017,0.0,0.10462555066079295,0.00881057268722467,0.11674008810572688,0.6949339207048458,0.1883259911894273,-63.72505543237251,0.1420704845814978,0.183920704845815,0.0
107.98557692307692,0.0048146144602594755,0.0,0.09711538461538462,0.010576923076923078,0.11057692307692307,0.7048076923076924,0.18461538461538463,-65.34007707129095,0.13846153846153847,0.17596153846153847,0.0
112.53327716933445,0.004216261094979452,0.0,0.08677337826453244,0.0016849199663016006,0.08930075821398484,0.7194608256107835,0.19123841617523168,-63.84966216216216,0.11373209772535804,0.2064026958719461,0.0
119.79095477386934,0.005033684688314825,0.0,0.09447236180904522,0.011055276381909548,0.11557788944723618,0.6814070351758794,0.20301507537688443,-63.284412955465584,0.14472361809045226,0.1849246231155779,0.0
98.29064039408867,0.0040982551229911054,0.0,0.08784893267651889,0.0,0.08866995073891626,0.7635467980295566,0.1477832512315271,-63.876746096959735,0.11576354679802955,0.20689655172413793,0.0
102.47397260273972,0.004512845489181156,0.0,0.08858447488584476,0.0136986301369863,0.10319634703196347,0.7442922374429224,0.15251141552511416,-63.22374429223744,0.12420091324200913,0.2,0.0
116.28427787934187,0.0045466617172394775,0.0,0.08683729433272395,0.007312614259597806,0.09689213893967093,0.6974405850091407,0.2056672760511883,-63.018281535648995,0.12431444241316271,0.19744058500914077,0.0
104.75638841567292,0.004272845293453181,0.0,0.09369676320272573,0.0,0.10391822827938671,0.7453151618398637,0.15076660988074958,-63.28960817717206,0.12947189097103917,0.19846678023850084,0.0
115.94784353059177,0.005017680336672618,0.0,0.08826479438314945,0.006018054162487462,0.10732196589769308,0.7011033099297894,0.19157472417251756,-63.51919191919192,0.12236710130391174,0.18756268806419257,0.0
88.33910533910534,0.0036019490513990934,0.0,0.0670995670995671,0.0,0.06926406926406926,0.8297258297258298,0.10101010101010101,-71.47979797979798,0.08946608946608947,0.2611832611832612,0.0
82.86743044189852,0.002738791001415669,0.0,0.05346426623022368,0.006546644844517185,0.060556464811783964,0.8608837970540099,0.07855973813420622,-72.6464480874317,0.07474086197490452,0.29132569558101473,0.0
78.91822750114207,0.002290422781293963,0.0,0.04933759707629054,0.0013704888076747374,0.05070808588396528,0.8707172224760165,0.07857469164001828,-73.56829602558246,0.07035175879396985,0.31018730013704887,0.0
78.77881752445768,0.002126662680443297,0.0,0.04466184602296895,0.0034028073160357296,0.04849000425350915,0.8966397277754147,0.054870267971076137,-74.99616368286445,0.06125053168864313,0.3509145044661846,0.0
73.72400611620795,0.0019153692526297633,0.0,0.034403669724770644,0.0061162079510703364,0.04128440366972477,0.8964067278287462,0.06230886850152905,-74.63837920489297,0.05122324159021407,0.3444189602446483,0.0
76.17212167886022,0.001932957231171877,0.0,0.04274162495186754,0.0003850596842510589,0.04389680400462072,0.9033500192529842,0.05275317674239507,-74.75762253956002,0.055448594532152486,0.3600308047747401,0.0
80.90716864363074,0.0025889802151297147,0.0,0.04693140794223827,0.007220216606498195,0.05827746260959257,0.854564208354822,0.08715832903558535,-70.7787519339866,0.06756059824651882,0.2656008251676122,0.0
85.13539967373572,0.0027172317702051606,0.0,0.05818379554105492,0.0,0.05872756933115824,0.8123980424143556,0.12887438825448613,-69.33822729744426,0.0799347471451876,0.2463295269168026,0.0
76.88519748984865,0.0018496159436607643,0.0,0.04245108896271687,0.004798818752307124,0.04724990771502399,0.890734588409007,0.06201550387596899,-72.76107828655834,0.06349206349206349,0.3695090439276486,0.0
96.0555223880597,0.002976785139086141,0.0,0.06208955223880597,0.00835820895522388,0.07104477611940299,0.8352238805970149,0.09373134328358208,-68.77611044417768,0.0853731343283582,0.1880597014925373,0.0
81.69990224828935,0.002446024458682333,0.0,0.05180840664711633,0.0,0.05180840664711633,0.8680351906158358,0.0801564027370479,-70.06314243759178,0.07086999022482894,0.22043010752688172,0.0
73.37332339791357,0.0018592975586597216,0.0,0.037630402384500744,0.004098360655737705,0.042101341281669154,0.9109538002980626,0.04694485842026826,-74.26154992548435,0.05253353204172876,0.3241430700447094,0.0
78.03071017274472,0.0019208448273794992,0.0,0.04145873320537428,0.00038387715930902113,0.0418426103646833,0.8836852207293666,0.0744721689059501,-74.36251920122888,0.05719769673704415,0.3132437619961612,0.0
76.37546933667083,0.0020970477285687634,0.0,0.03838130997079683,0.005840634125990822,0.0458906967042136,0.8890279516061744,0.06508135168961202,-73.3279098873592,0.060075093867334166,0.32916145181476847,0.0
82.23663101604278,0.002235462768663533,0.0,0.04768270944741533,0.000445632798573975,0.04857397504456328,0.8801247771836007,0.07130124777183601,-71.72780008924587,0.06461675579322639,0.29500891265597146,0.0
85.26280737704919,0.0024673167648589164,0.0,0.04815573770491803,0.015881147540983607,0.06506147540983606,0.8739754098360656,0.06096311475409836,-70.53022540983606,0.06967213114754098,0.22592213114754098,0.0
90.92927400468385,0.0024353482506491923,0.0,0.047775175644028105,0.006088992974238876,0.054800936768149885,0.8524590163934426,0.09274004683840749,-72.70585480093676,0.06885245901639345,0.35971896955503513,0.0
85.4390243902439,0.0024032848303397877,0.0,0.05117168818747011,0.0,0.05164992826398852,0.8541367766618843,0.0942132950741272,-69.3023923444976,0.06982305117168819,0.22381635581061693,0.0
107.68070766638584,0.004201391294070883,0.0,0.08256107834877843,0.009267059814658803,0.09519797809604044,0.7278854254422915,0.17691659646166807,-63.23881856540084,0.11962931760741365,0.19292333614153329,0.0
102.98013245033113,0.004129943515806032,0.0,0.08609271523178808,0.0,0.08774834437086093,0.7649006622516556,0.14735099337748345,-63.19071310116086,0.12334437086092716,0.19701986754966888,0.0
128.2935656836461,0.006707160424866132,0.0,0.14611260053619302,0.010723860589812333,0.1581769436997319,0.6045576407506702,0.23726541554959785,-63.18632707774799,0.20911528150134048,0.1554959785522788,0.0
128.78064516129032,0.006447663294868568,0.0,0.1406451612903226,0.01935483870967742,0.1625806451612903,0.6735483870967742,0.1638709677419355,-62.66321243523316,0.1896774193548387,0.16,0.0
120.07581967213115,0.005132724077273638,0.0,0.1096311475409836,0.01639344262295082,0.1290983606557377,0.7028688524590164,0.1680327868852459,-63.108717948717945,0.16086065573770492,0.18032786885245902,0.0
125.74842105263158,0.005268120288346414,0.0,0.11263157894736842,0.014736842105263158,0.13157894736842105,0.7063157894736842,0.16210526315789472,-62.91710945802338,0.15368421052631578,0.17789473684210527,0.0
111.90434782608696,0.006186860414286751,0.0,0.12298136645962733,0.002484472049689441,0.12546583850931678,0.7217391304347827,0.15279503105590062,-63.149068322981364,0.16521739130434782,0.17515527950310558,0.0
83.68108389786347,0.002604307795217313,0.0,0.05263157894736842,0.005732152162584679,0.0583637311099531,0.8738926524231371,0.06774361646690985,-72.9077644606566,0.0781657113079729,0.34966128191766543,0.0
77.9122891566265,0.002415457020155374,0.0,0.04963855421686747,0.0014457831325301205,0.052048192771084335,0.8877108433734939,0.060240963855421686,-73.8144578313253,0.06698795180722891,0.32867469879518074,0.0
74.0891514500537,0.0017934209296218305,0.0,0.0372359470103831,0.006802721088435374,0.044754744002864305,0.9001074113856069,0.05513784461152882,-73.26315789473684,0.05084138918725385,0.35051915503043324,0.0
76.38072199478972,0.0018681098699392176,0.0,0.037960550800148866,0.006326758466691477,0.0446594715295869,0.899144026795683,0.056196501674730184,-73.57148175725986,0.051358392259024936,0.35541496092296243,0.0
86.46434782608695,0.0021754290135646186,0.0,0.03695652173913044,0.0,0.03739130434782609,0.8717391304347826,0.0908695652173913,-71.59342105263158,0.050869565217391305,0.28130434782608693,0.0
77.73781802501078,0.0021456827677149935,0.0,0.04484691677447176,0.00603708495040966,0.055627425614489,0.8714963346269944,0.0728762397585166,-72.58387235877534,0.06425183268650281,0.3014230271668823,0.0
73.31709709055247,0.0016399926029053134,0.0,0.035959463877084014,0.001961425302386401,0.03792088917947042,0.8911408957175547,0.07093821510297482,-73.94606080418437,0.05132396207911082,0.35501797973193855,0.0
83.47035175879397,0.001685047117698608,0.0,0.03785594639865997,0.005025125628140704,0.047571189279731994,0.8827470686767169,0.06968174204355108,-73.68483013790784,0.050921273031825795,0.37185929648241206,0.0
79.96704613541043,0.002996309483937508,0.0,0.046734571599760334,0.0005991611743559018,0.04913121629718394,0.8502097064110246,0.1006590772917915,-72.89035350509288,0.06530856800479329,0.2648292390653086,0.0
78.10703001579779,0.0019058329651168286,0.0,0.03949447077409163,0.004344391785150079,0.045023696682464455,0.8874407582938388,0.06753554502369669,-74.87159225602528,0.05529225908372828,0.358609794628752,0.0
87.4772510340439,0.001607155359755042,0.0,0.03627107858733694,0.004454342984409799,0.041361756283805284,0.8946866051543112,0.06395163856188354,-75.04751203852328,0.051543111676741964,0.3830734966592428,0.0
76.9101678183613,0.0012595814794588902,0.0,0.02418558736426456,0.0,0.024925962487660415,0.9022704837117473,0.0728035538005923,-74.68632773938796,0.035538005923000986,0.456071076011846,0.0
98.67040673211781,0.003583997090657552,0.0,0.07223001402524544,0.016129032258064516,0.08835904628330996,0.8015427769985974,0.11009817671809256,-68.37307152875175,0.10659186535764376,0.18583450210378682,0.0
106.14090177133656,0.004024797442649085,0.0,0.08856682769726248,0.0024154589371980675,0.09259259259259259,0.7632850241545893,0.14412238325281804,-64.94260307194826,0.12077294685990338,0.21578099838969403,0.0
129.18696883852692,0.004731589769821311,0.0,0.11331444759206799,0.015108593012275733,0.13220018885741266,0.704438149197356,0.16336166194523136,-63.70924690181125,0.16241737488196412,0.20018885741265344,0.0
111.94,0.004773387918026817,0.0,0.10666666666666667,0.010476190476190476,0.11904761904761904,0.7352380952380952,0.1457142857142857,-63.92843511450382,0.14952380952380953,0.2219047619047619,0.0
125.44684684684685,0.0045134898668156755,0.0,0.1045045045045045,0.0,0.1063063063063063,0.7153153153153153,0.1783783783783784,-65.65241128298453,0.14054054054054055,0.17927927927927928,0.0
119.08025830258302,0.0046301784057476295,0.0,0.1033210332103321,0.012915129151291513,0.12638376383763839,0.6845018450184502,0.18911439114391143,-63.91643454038997,0.1503690036900369,0.16605166051660517,0.0
167.32671629445824,0.004148934061164098,0.0,0.0934656741108354,0.0041356492969396195,0.09842845326716294,0.6269644334160464,0.2746071133167907,-56.80135249366018,0.13399503722084366,0.16294458229942102,0.0
121.88042203985933,0.005874910544901387,0.0,0.13833528722157093,0.012895662368112544,0.15240328253223914,0.6236811254396248,0.223915592028136,-61.82063305978898,0.19460726846424384,0.1395076201641266,0.0
89.82762886597938,0.0019844126189895984,0.0,0.044123711340206186,0.0012371134020618556,0.04577319587628866,0.862680412371134,0.09154639175257732,-72.54710743801652,0.06597938144329897,0.25649484536082473,0.0
75.59047342433924,0.0015086971141099238,0.0,0.03369154806854487,0.004356665698518733,0.038919546906767355,0.9032820214928841,0.05779843160034853,-73.95669863411798,0.04850421144350857,0.3761254719721173,0.0
71.9472972972973,0.0013355330281336264,0.0,0.026486486486486487,0.002162162162162162,0.02945945945945946,0.9205405405405406,0.05,-73.12188515709643,0.037567567567567565,0.33378378378378376,0.0
66.04254254254255,0.0012456547184491785,0.0,0.023523523523523524,0.0,0.024024024024024024,0.9276776776776777,0.0482982982982983,-74.25875875875876,0.03403403403403404,0.3556056056056056,0.0
78.45309810671256,0.0022208418663442007,0.0,0.04216867469879518,0.007314974182444062,0.055507745266781414,0.8696213425129088,0.07487091222030981,-72.60025817555938,0.06196213425129088,0.23924268502581755,0.0
99.258356545961,0.0034982648045343806,0.0,0.06197771587743733,0.0,0.08356545961002786,0.770891364902507,0.14554317548746518,-71.62273361227336,0.08844011142061281,0.19568245125348188,0.0
112.65397631133672,0.004229478569579871,0.0,0.07614213197969544,0.007614213197969543,0.09729272419627749,0.745346869712352,0.15736040609137056,-69.08680851063829,0.1116751269035533,0.14382402707275804,0.0
78.7505079236083,0.0019780956632722683,0.0,0.03860219422998781,0.0040633888663145065,0.05079236082893133,0.8577813896789923,0.0914262494920764,-72.58624898291293,0.05891913856156034,0.36407964242177976,0.0
80.22301668369084,0.0017088591565228288,0.0,0.03438883214164113,0.0010214504596527069,0.03609124957439564,0.884916581545795,0.07899216887980932,-73.01162393162393,0.05039155600953354,0.352059925093633,0.0
69.38235294117646,0.001211121538216044,0.0,0.02386692381870781,0.004098360655737705,0.02892960462873674,0.9180327868852459,0.05303760848601736,-74.80135167752836,0.034474445515911285,0.3382352941176471,0.0
91.40441932168551,0.0013144872268837542,0.0,0.030318602261048305,0.0007708119218910585,0.03134635149023638,0.8712744090441932,0.0973792394655704,-73.6512169860176,0.04265159301130524,0.31963001027749227,0.0
71.37257281553399,0.0011921227050655297,0.0,0.027184466019417475,0.002912621359223301,0.03033980582524272,0.9101941747572816,0.05946601941747573,-74.0726609963548,0.0383495145631068,0.36699029126213595,0.0
73.22160463992267,0.0012283360350094528,0.0,0.025374577090381826,0.0,0.025857902368293863,0.8965683905268246,0.07757370710488158,-73.99806295399516,0.035041082648622525,0.32165297245045915,0.0
72.40187891440502,0.0013225951726241823,0.0,0.026356993736951984,0.003914405010438413,0.031315240083507306,0.9021398747390397,0.06654488517745302,-73.44531453928478,0.037839248434238,0.3368997912317328,0.0
76.79249011857708,0.0014126377568949215,0.0,0.0251270468661773,0.003105590062111801,0.028797289666854884,0.8853754940711462,0.08582721626199886,-72.21313331446363,0.037549407114624504,0.35629587803500845,0.0
106.75771971496437,0.004035853168288048,0.0,0.08234362628661916,0.000791765637371338,0.0831353919239905,0.7410926365795725,0.17577197149643706,-64.12420382165605,0.1187648456057007,0.1892319873317498,0.0
108.79523809523809,0.0033584504487808257,0.0,0.07755102040816327,0.01020408163265306,0.0891156462585034,0.745578231292517,0.1653061224489796,-64.18101092896175,0.11564625850340136,0.19727891156462585,0.0
97.15473441108546,0.003876328652004248,0.0,0.08314087759815242,0.0007698229407236335,0.08775981524249422,0.7367205542725174,0.17551963048498845,-63.896843725943036,0.11855273287143957,0.18244803695150116,0.0
130.19129782445611,0.0037883627522099124,0.0,0.0900225056264066,0.012753188297074268,0.10427606901725431,0.6706676669167292,0.2250562640660165,-63.94202898550725,0.13278319579894973,0.20855213803450862,0.0
105.93166885676742,0.0032867164223073426,0.0,0.0735873850197109,0.01445466491458607,0.08935611038107753,0.7555847568988173,0.15505913272010513,-63.81427627230668,0.10709592641261498,0.22076215505913271,0.0
154.46728971962617,0.0035818132565175885,0.0,0.08483105679367361,0.0,0.08554996405463695,0.6887131560028756,0.22573687994248742,-64.6391369047619,0.12149532710280374,0.22070452911574406,0.0
104.36734693877551,0.003466580283473915,0.0,0.07107670654468684,0.019000703729767768,0.09781843771991555,0.7501759324419423,0.15200562983814214,-64.50531537916372,0.10415200562983815,0.1921182266009852,0.0
98.53881884538819,0.0033134728630542123,0.0,0.07830126078301261,0.0,0.08493696084936961,0.7279362972793629,0.18712674187126743,-65.2847638057219,0.11280690112806901,0.19774386197743862,0.0
91.14722483537159,0.0023556813632740693,0.0,0.05832549388523048,0.010348071495766699,0.07243650047036689,0.8066792097836313,0.12088428974600188,-70.39348134152102,0.08278457196613359,0.18438381937911572,0.0
75.75998353231783,0.002070445205273699,0.0,0.044462741869081925,0.0004116920543433512,0.04610951008645533,0.8826677645121449,0.07122272540139975,-72.01976121860848,0.06010703993412927,0.21902017291066284,0.0
80.16117571059432,0.0016557148854836508,0.0,0.041666666666666664,0.00872093023255814,0.05103359173126615,0.8743540051679587,0.07461240310077519,-73.69404915912031,0.062338501291989666,0.28714470284237725,0.0
73.60160121997713,0.001905248785273525,0.0,0.03812428516965307,0.004574914220358368,0.04422417079679756,0.8791460160121998,0.07662981319100266,-73.19290888295845,0.05375524208921083,0.24170796797560046,0.0
75.25454545454545,0.0015223418701486393,0.0,0.03878787878787879,0.0015151515151515152,0.041212121212121214,0.8903030303030303,0.06848484848484848,-74.18203883495146,0.05484848484848485,0.33151515151515154,0.0
85.30168185003504,0.0017600142241276401,0.0,0.04239663629992992,0.004204625087596356,0.046951646811492644,0.8724597056762439,0.0805886475122635,-73.42826929855481,0.060266292922214436,0.3104414856341976,0.0
71.15867913500877,0.0014493085598604124,0.0,0.03243717124488603,0.0002922267679719462,0.03302162478082992,0.9120397428404442,0.05493863237872589,-75.06083650190114,0.042957334891876094,0.32407948568088835,0.0
78.22698359558085,0.0016742545490047714,0.0,0.03783059926347506,0.004017408771342484,0.04218279209909608,0.8624037495815199,0.095413458319384,-74.84339369550638,0.055239370605959154,0.3311014395714764,0.0
73.15194235588973,0.0015835637995457806,0.0,0.03195488721804511,0.003446115288220551,0.03602756892230576,0.8859649122807017,0.07800751879699248,-74.96989651928504,0.045739348370927316,0.3865914786967419,0.0
71.5417661097852,0.0017077401585338223,0.0,0.037504261847937266,0.0,0.03818615751789976,0.9018070235254007,0.060006818956699626,-75.12342311626321,0.05114217524718718,0.33685646096147287,0.0
71.10369118061426,0.0014133083108043994,0.0,0.032121724429416736,0.00422654268808115,0.03747534516765286,0.8943364327979713,0.06818822203437588,-74.88838782412627,0.0462102000563539,0.31135531135531136,0.0
69.24929178470255,0.0014075291126366884,0.0,0.03002832861189802,0.0005665722379603399,0.03172804532577904,0.8946175637393767,0.07365439093484419,-74.89121813031161,0.04475920679886686,0.28158640226628895,0.0
80.39396737457679,0.001546251142553508,0.0,0.03816558941212681,0.0040012311480455524,0.04247460757156048,0.8701138811942136,0.08741151123422591,-73.69750231267345,0.0538627269929209,0.2899353647276085,0.0
74.41238717709307,0.0015778477729331808,0.0,0.03610333022097728,0.0003112356053532524,0.036414565826330535,0.8779956427015251,0.08558979147214442,-73.69094304388422,0.05197634609399315,0.3336445689386866,0.0
78.12884116993706,0.0018376615312364366,0.0,0.04331728989263236,0.004072565716401333,0.04850055534987042,0.838578304331729,0.11292114031840059,-73.08034061458719,0.060718252499074414,0.2717512032580526,0.0
74.49185225420968,0.0013774264542119265,0.0,0.03204780010863661,0.0035306898424769147,0.03639326453014666,0.8647474198804997,0.09885931558935361,-74.73355084284937,0.046985334057577405,0.3883758826724606,0.0
87.79719562243503,0.0017129895298031556,0.0,0.03761969904240766,0.0027359781121751026,0.04035567715458276,0.8915868673050615,0.06805745554035568,-75.33886010362694,0.0506155950752394,0.2971956224350205,0.0
80.12586605080831,0.0019231249288177783,0.0,0.04387990762124711,0.005773672055427252,0.050808314087759814,0.8618167821401078,0.0873749037721324,-73.80262143407865,0.06543494996150885,0.2913779830638953,0.0
76.55849056603773,0.0017122116167412773,0.0,0.03979416809605489,0.0017152658662092624,0.044596912521440824,0.8991423670668953,0.05626072041166381,-74.8512027491409,0.05317324185248713,0.307032590051458,0.0
73.28845528455284,0.001635632580103778,0.0,0.038699186991869916,0.0035772357723577236,0.04260162601626016,0.9079674796747967,0.04943089430894309,-74.70829268292682,0.055609756097560976,0.39707317073170734,0.0
81.12001563721658,0.001953190455550461,0.0,0.044175136825645035,0.0050820953870211105,0.04925723221266615,0.8623924941360438,0.08835027365129007,-72.51329163408913,0.0617670054730258,0.2955433932759969,0.0
79.29642730810046,0.0017719967350078997,0.0,0.039617969579059074,0.0014149274849663955,0.04174036080650867,0.8804386275203396,0.07782101167315175,-74.94539007092199,0.05341351255748143,0.3452423063318005,0.0
79.27086137281292,0.0016980935972734398,0.0,0.039703903095558546,0.0037012113055181696,0.04407806191117093,0.8919919246298789,0.0639300134589502,-75.81707728653392,0.05585464333781965,0.3152759084791386,0.0
70.99056334000572,0.0014262334432972924,0.0,0.03374320846439806,0.0,0.03402916785816414,0.8861881612810981,0.07978267086073777,-74.11276473955353,0.048327137546468404,0.3362882470689162,0.0
67.60606060606061,0.0012504566827114298,0.0,0.0285204991087344,0.002037178507766743,0.03106697224344283,0.9297173414820473,0.0392156862745098,-74.88744588744589,0.03819709702062643,0.39750445632798576,0.0
84.16469984607491,0.0013190054238867326,0.0,0.028732683427398667,0.002565418163160595,0.03129810159055926,0.909697280656747,0.05900461775269369,-74.5740932642487,0.03796818881477681,0.3583889173935351,0.0
119.85714285714286,0.0036224778075882504,0.0,0.08892128279883382,0.013848396501457727,0.10349854227405247,0.7551020408163265,0.141399416909621,-64.5677466863034,0.12463556851311954,0.21428571428571427,0.0
103.33251231527093,0.004096975459754712,0.0,0.08538587848932677,0.014778325123152709,0.10344827586206896,0.7413793103448276,0.15517241379310345,-64.48850574712644,0.1206896551724138,0.18883415435139572,0.0
111.72240527182866,0.004119338226632844,0.0,0.09719934102141681,0.0032948929159802307,0.10378912685337727,0.742998352553542,0.15321252059308071,-64.75268817204301,0.1342668863261944,0.20840197693574958,0.0
122.01657940663176,0.004354418417251787,0.0,0.0968586387434555,0.013089005235602094,0.112565445026178,0.6928446771378709,0.19458987783595114,-64.25661375661376,0.13787085514834205,0.19720767888307156,0.0
110.78050847457627,0.004221628438223207,0.0,0.09576271186440678,0.001694915254237288,0.09915254237288136,0.7338983050847457,0.1669491525423729,-64.47574468085107,0.13474576271186442,0.21864406779661016,0.0
105.92509960159363,0.003948154631984291,0.0,0.09721115537848606,0.012749003984063745,0.11155378486055777,0.7211155378486056,0.16733067729083664,-64.66135458167331,0.14103585657370518,0.199203187250996,0.0
135.05608755129958,0.0034230107889038335,0.0,0.07729138166894665,0.0,0.08002735978112176,0.7024623803009576,0.21751025991792067,-64.26731301939058,0.10533515731874145,0.19699042407660738,0.0
116.26311475409837,0.0040786655541811935,0.0,0.09016393442622951,0.011475409836065573,0.10655737704918032,0.7221311475409836,0.17131147540983607,-64.20644095788604,0.12704918032786885,0.18442622950819673,0.0
75.71077908217715,0.0017211103778716932,0.0,0.04126645321949484,0.006759160441124155,0.04909284951974386,0.9014585556741374,0.049448594806118816,-74.17502668089648,0.05478477410174315,0.33084311632870866,0.0
69.51400634249471,0.0013396144385946639,0.0,0.028012684989429177,0.0,0.03091966173361522,0.9244186046511628,0.04466173361522199,-76.10999471179271,0.03858350951374207,0.3115750528541226,0.0
71.46055199330917,0.0014311224803935198,0.0,0.03373292444940061,0.0030666294954000556,0.03763590744354614,0.9107889601338166,0.0515751324226373,-74.9339280735991,0.04878728742681907,0.36353498745469753,0.0
81.4437917222964,0.0013237885939769256,0.0,0.027770360480640854,0.001869158878504673,0.030974632843791722,0.8870493991989319,0.08197596795727637,-72.81375434840781,0.03791722296395193,0.3412550066755674,0.0
73.58161187081757,0.0014805635556630677,0.0,0.033459412278149546,0.002909514111143439,0.03695082921152167,0.9042769857433809,0.05877218504509747,-74.68578916715201,0.04800698283386674,0.3075356415478615,0.0
73.32295719844358,0.0014980965031835133,0.0,0.03292427416941036,0.0026938042502244837,0.03651601316970967,0.8928464531577373,0.07063753367255313,-72.69442780107849,0.0472912301706076,0.34660281352888356,0.0
81.63166722576317,0.0016876154297950283,0.0,0.03656491110365649,0.0,0.03824220060382422,0.8695068768869507,0.09225092250922509,-71.77021563342318,0.0519959745051996,0.31700771553170076,0.0
75.14637072585482,0.001447484044745417,0.0,0.03329334133173365,0.004199160167966407,0.03809238152369526,0.8971205758848231,0.0647870425914817,-74.47581856413338,0.045290941811637675,0.2912417516496701,0.0
72.53007726269315,0.0014398707364298446,0.0,0.028973509933774833,0.0,0.029525386313465785,0.9130794701986755,0.05739514348785872,-75.10486995019369,0.04083885209713024,0.3198123620309051,0.0
78.30838410211778,0.0014523381212735965,0.0,0.031041485349579345,0.004641717435451117,0.03597331012474616,0.9016536118363795,0.06237307803887438,-73.83537296037296,0.04641717435451117,0.34551784160139254,0.0
69.453428863869,0.001265306987816152,0.0,0.026100307062436028,0.00025588536335721597,0.02712384851586489,0.9109518935516888,0.06192425793244626,-73.66709314227226,0.037871033776867964,0.34032753326509724,0.0
72.51413427561837,0.001497202031917881,0.0,0.03268551236749117,0.002355712603062426,0.035924617196702,0.908716136631331,0.05535924617196702,-74.19428066037736,0.04564193168433451,0.3536513545347468,0.0
74.37809388335704,0.0014260797658018178,0.0,0.029018492176386912,0.004267425320056899,0.03584637268847795,0.8944523470839261,0.06970128022759602,-73.80729760547321,0.043243243243243246,0.3945945945945946,0.0
136.96549435965494,0.0033270796614972404,0.0,0.07830126078301261,0.0013271400132714001,0.08029197080291971,0.7544790975447909,0.16522893165228933,-67.18460490463215,0.1108161911081619,0.17252820172528202,0.0
110.36798469387755,0.0031781867574413036,0.0,0.07397959183673469,0.00701530612244898,0.08163265306122448,0.7678571428571429,0.15051020408163265,-63.922680412371136,0.10841836734693877,0.2066326530612245,0.0
110.32375776397515,0.003844668537308842,0.0,0.09549689440993789,0.0007763975155279503,0.0986024844720497,0.7453416149068323,0.15605590062111802,-63.75097580015613,0.1265527950310559,0.20652173913043478,0.0
106.83829138062548,0.003776390679919993,0.0,0.08466819221967964,0.013729977116704805,0.09916094584286804,0.7406559877955758,0.16018306636155608,-63.12595419847328,0.12433257055682685,0.2151029748283753,0.0
236.74915635545557,0.0028116955271448793,0.0,0.06805399325084364,0.01687289088863892,0.08717660292463442,0.6276715410573678,0.28515185601799775,-63.795121951219514,0.10348706411698538,0.2643419572553431,0.0
223.6710435383552,0.0034540606402427496,0.0,0.07394609536973047,0.00138217000691085,0.07601935038009675,0.6821008984105045,0.24187975120939875,-64.35972850678733,0.10642709053213545,0.26606772633033865,0.0
155.0636070853462,0.004035650579128219,0.0,0.09259259259259259,0.012077294685990338,0.107085346215781,0.7125603864734299,0.18035426731078905,-65.94098088113051,0.13043478260869565,0.2318840579710145,0.0
215.60850439882697,0.0036626056284914973,0.0,0.0872434017595308,0.004398826979472141,0.09237536656891496,0.6744868035190615,0.23313782991202345,-67.14928909952607,0.12023460410557185,0.2602639296187683,0.0
142.19398711524695,0.003575992106025062,0.0,0.08732999284180387,0.009305654974946313,0.09878310665712241,0.7609162491052255,0.14030064423765212,-62.98019075568599,0.12168933428775948,0.24695776664280603,0.0
111.93513957307061,0.004071147302770184,0.0,0.10509031198686371,0.009852216748768473,0.11576354679802955,0.7471264367816092,0.13711001642036125,-61.595238095238095,0.1477832512315271,0.21264367816091953,0.0
147.1032423208191,0.004253564585385213,0.0,0.08532423208191127,0.015358361774744027,0.10238907849829351,0.7474402730375427,0.15017064846416384,-62.99561403508772,0.12542662116040956,0.2380546075085324,0.0
228.79274611398964,0.003688848106949418,0.0,0.07327905255366396,0.008142116950407105,0.0843819393042191,0.7068837897853442,0.20873427091043673,-63.13614262560778,0.1073279052553664,0.2679496669133975,0.0
356.6296914095079,0.004153648879571829,0.0,0.08340283569641367,0.0,0.08423686405337781,0.6205170975813178,0.29524603836530444,-63.354354354354356,0.1134278565471226,0.33194328607172646,0.0
172.93788819875778,0.0038751516586694964,0.0,0.09549689440993789,0.016304347826086956,0.11180124223602485,0.7267080745341615,0.16149068322981366,-62.797570850202426,0.1374223602484472,0.25,0.0
106.8210332103321,0.004607923363274374,0.0,0.11162361623616236,0.0,0.11439114391143912,0.7712177121771218,0.11439114391143912,-64.39022140221402,0.1466789667896679,0.20848708487084872,0.0
305.3071593533487,0.0038474111233727406,0.0,0.09776751347190146,0.009237875288683603,0.10854503464203233,0.657428791377983,0.2340261739799846,-63.94444444444444,0.13779830638953042,0.3140877598152425,0.0
121.00723981900452,0.004521552203358084,0.0,0.1158371040723982,0.01085972850678733,0.12941176470588237,0.7285067873303167,0.1420814479638009,-63.668784029038115,0.15475113122171946,0.20452488687782805,0.0
146.59015256588071,0.003477682428671038,0.0,0.08529819694868239,0.0034674063800277394,0.08945908460471567,0.7302357836338419,0.18030513176144244,-63.2219040801718,0.12066574202496533,0.23439667128987518,0.0
159.98507462686567,0.0037384118670576805,0.0,0.0873134328358209,0.007462686567164179,0.0962686567164179,0.7261194029850746,0.17761194029850746,-62.82907965970611,0.12313432835820895,0.2455223880597015,0.0
111.17098445595855,0.0043141458605318725,0.0,0.10621761658031088,0.0069084628670120895,0.11658031088082901,0.7348877374784111,0.14853195164075994,-63.426597582038,0.15284974093264247,0.20466321243523317,0.0
240.879932829555,0.0042016398005124906,0.0,0.09907640638119228,0.011754827875734676,0.11335012594458438,0.6817800167926112,0.20486985726280438,-62.69549218031279,0.14273719563392107,0.28295549958018473,0.0
114.85073339085419,0.004291836255984397,0.0,0.1095772217428818,0.0008628127696289905,0.11216566005176877,0.7644521138912856,0.12338222605694564,-63.603298611111114,0.15012942191544434,0.21742881794650562,0.0
108.49606986899563,0.004353960285653601,0.0,0.10480349344978165,0.016593886462882096,0.1222707423580786,0.7641921397379913,0.11353711790393013,-62.8296943231441,0.14585152838427948,0.2131004366812227,0.0
111.68665067945643,0.003973513984680176,0.0,0.07513988808952837,0.008792965627498001,0.09592326139088729,0.7106314948041567,0.19344524380495604,-63.34772182254196,0.10391686650679456,0.1782573940847322,0.0
123.4522885958107,0.0038515629235261716,0.0,0.09309542280837858,0.0023273855702094647,0.09775019394879751,0.7145073700543056,0.18774243599689683,-63.509803921568626,0.1373157486423584,0.21101629169899147,0.0
214.64931087289435,0.0038304157184001586,0.0,0.08422664624808576,0.009188361408882083,0.09494640122511486,0.6929555895865237,0.2120980091883614,-63.35308641975308,0.11944869831546708,0.2649310872894334,0.0
104.92862624712203,0.0038447066935526062,0.0,0.09823484267075978,0.0023023791250959325,0.10130468150422103,0.7475057559478128,0.15118956254796623,-64.3010752688172,0.1350729086722947,0.20798158096699923,0.0
110.88300395256917,0.003945170512682275,0.0,0.10434782608695652,0.011067193675889328,0.11699604743083004,0.7051383399209487,0.17786561264822134,-64.0743670886076,0.14308300395256918,0.18102766798418973,0.0
207.81696779261586,0.003924082847511243,0.0,0.09897879025923016,0.003142183817753339,0.10369206598586017,0.6842105263157895,0.21209740769835037,-64.088161209068,0.13432835820895522,0.23959151610369206,0.0
121.12185430463576,0.003275308014937313,0.0,0.0781456953642384,0.011920529801324504,0.09205298013245033,0.7456953642384105,0.16225165562913907,-62.677680377612944,0.11456953642384106,0.19403973509933775,0.0
171.6022871664549,0.003166680569415326,0.0,0.07179161372299873,0.0063532401524777635,0.07941550190597205,0.7096569250317663,0.21092757306226176,-63.408817635270545,0.09720457433290978,0.22426937738246505,0.0
180.49603174603175,0.003927555038779383,0.0,0.1,0.003968253968253968,0.10555555555555556,0.7023809523809523,0.19206349206349208,-63.51623646960866,0.1380952380952381,0.25555555555555554,0.0
195.89537366548043,0.003532917241425256,0.0,0.09893238434163701,0.0099644128113879,0.1110320284697509,0.6697508896797153,0.21921708185053382,-63.61283018867925,0.13523131672597866,0.25551601423487547,0.0
178.88914373088684,0.0038503980308246684,0.0,0.0963302752293578,0.0,0.09938837920489296,0.6788990825688074,0.2217125382262997,-63.68649517684887,0.1353211009174312,0.2324159021406728,0.0
127.8375733855186,0.004869156322796828,0.0,0.11350293542074363,0.018590998043052837,0.13209393346379647,0.7123287671232876,0.15557729941291584,-63.33893280632411,0.15459882583170254,0.19863013698630136,0.0
275.0952380952381,0.003662793692255999,0.0,0.09304029304029304,0.008791208791208791,0.1054945054945055,0.6285714285714286,0.26593406593406593,-63.46014790468365,0.12673992673992673,0.2644688644688645,0.0
97.63664839467502,0.003917807882482355,0.0,0.08613938919342208,0.0023492560689115116,0.08927173061863743,0.7674236491777604,0.14330462020360218,-63.73647058823529,0.12059514487079091,0.21378230227094752,0.0
138.0667236954662,0.00428037651597637,0.0,0.09409751924721985,0.015397775876817793,0.11719418306244654,0.7339606501283148,0.14884516680923868,-62.826352530541016,0.12917023096663816,0.21984602224123181,0.0
104.23622047244095,0.004378075566266756,0.0,0.09973753280839895,0.0,0.10148731408573929,0.7322834645669292,0.1662292213473316,-63.781770376862404,0.13823272090988625,0.2020997375328084,0.0
99.88990825688073,0.003524060976707329,0.0,0.08256880733944955,0.009880028228652082,0.09456598447424136,0.7776993648553282,0.1277346506704305,-63.32956951305575,0.11644318983768526,0.22582921665490474,0.0
205.52445870088212,0.00397594151106539,0.0,0.107457898957498,0.0032076984763432237,0.11387329591018444,0.6591820368885325,0.2269446672012831,-63.74486301369863,0.15156375300721733,0.25020048115477145,0.0
248.7208722741433,0.0031220220270894113,0.0,0.07289719626168224,0.005607476635514018,0.08037383177570094,0.621183800623053,0.2984423676012461,-63.311307901907355,0.1308411214953271,0.2803738317757009,0.0
209.9748743718593,0.0027942245898966017,0.0,0.05918481295365718,0.005583472920156337,0.0664433277498604,0.5862646566164154,0.3472920156337242,-62.58861885002964,0.14182021217197097,0.26242322724734785,0.0
155.06778606965173,0.0031062053758755337,0.0,0.07338308457711443,0.003109452736318408,0.07835820895522388,0.6654228855721394,0.2562189054726368,-63.3715389568577,0.16293532338308458,0.24129353233830847,0.0
154.63433908045977,0.0035677768616775743,0.0,0.09482758620689655,0.009339080459770116,0.10704022988505747,0.6846264367816092,0.20833333333333334,-63.34988880652335,0.16738505747126436,0.24281609195402298,0.0
266.6259284267387,0.00336692172127801,0.0,0.08305199189736664,0.002025658338960162,0.08642808912896692,0.675219446320054,0.23835246455097908,-63.6980421686747,0.11613774476704929,0.30519918973666443,0.0
165.28560663149963,0.0037397160609203587,0.0,0.09947249434815374,0.011303692539562924,0.11152976639035418,0.7264506405425772,0.16201959306706856,-63.24764890282132,0.14016578749058026,0.2584777694046722,0.0
154.7536433032616,0.0034682538774278428,0.0,0.08258154059680778,0.004857737682165163,0.09090909090909091,0.7113115891741846,0.19777931991672448,-63.47372210223182,0.12491325468424705,0.21929215822345594,0.0
199.0110946745562,0.003715220775364241,0.0,0.09171597633136094,0.0,0.09319526627218935,0.6642011834319527,0.24260355029585798,-63.95372549019608,0.13165680473372782,0.22928994082840237,0.0
228.8829604130809,0.004284254340238349,0.0,0.09896729776247848,0.013769363166953529,0.1144578313253012,0.6385542168674698,0.2469879518072289,-63.10223048327138,0.14629948364888123,0.25301204819277107,0.0
188.04407200496587,0.0031049781704541317,0.0,0.07759155803848541,0.0,0.07945375543140906,0.7274984481688392,0.1930477963997517,-64.21805006587616,0.11049037864680322,0.2749844816883923,0.0
157.09439899307742,0.0031420205642354276,0.0,0.07992448080553807,0.007551919446192574,0.08873505349276274,0.631843926998112,0.27942101950912523,-63.52488687782805,0.13656387665198239,0.23222152297042165,0.0
300.6909193457417,0.0028101318845899594,0.0,0.06937394247038917,0.0011280315848843769,0.07163000564015792,0.5752961082910322,0.3530738860688099,-63.461440407903126,0.12013536379018612,0.3158488437676255,0.0
191.4827768945416,0.0026344853519508467,0.0,0.06412294647588765,0.003179650238473768,0.06783253842077372,0.6836248012718601,0.2485426603073662,-62.8494983277592,0.11764705882352941,0.2586115527291998,0.0
117.66104868913858,0.0031045451155310494,0.0,0.07677902621722846,0.009363295880149813,0.08863920099875156,0.7428214731585518,0.16853932584269662,-62.564943253467845,0.1111111111111111,0.23345817727840198,0.0
127.74986103390772,0.002763611986586727,0.0,0.0678154530294608,0.0022234574763757642,0.07059477487493052,0.7615341856586992,0.1678710394663702,-62.66477595008508,0.09171762090050027,0.2462479155086159,0.0
174.90636168691924,0.0035600594014398358,0.0,0.06647605432451752,0.007862759113652609,0.07862759113652609,0.7140814867762688,0.20729092208720515,-62.80150375939849,0.09864188706218728,0.25303788420300216,0.0
167.77537796976242,0.00356520527721482,0.0,0.08135349172066235,0.0021598272138228943,0.08855291576673865,0.6501079913606912,0.2613390928725702,-63.433905899925314,0.12526997840172785,0.2339812814974802,0.0
203.96467817896388,0.003933969296907124,0.0,0.09497645211930926,0.01805337519623234,0.11616954474097331,0.5989010989010989,0.28492935635792777,-63.01973684210526,0.141287284144427,0.2119309262166405,0.0
216.960223307746,0.003470041065908677,0.0,0.0837404047452896,0.004884856943475227,0.09211444521981857,0.6552686671318911,0.2526168876482903,-62.95948987246812,0.12630844382414516,0.26378227494766227,0.0
221.42482269503546,0.0035615908160456706,0.0,0.08936170212765958,0.00851063829787234,0.09858156028368795,0.6446808510638298,0.25673758865248225,-63.133792048929664,0.12907801418439716,0.2375886524822695,0.0
258.3936324167873,0.003618152826959719,0.0,0.08465991316931983,0.01085383502170767,0.09623733719247468,0.6360347322720694,0.26772793053545585,-62.30898876404494,0.1251808972503618,0.2706222865412446,0.0
145.29800899165062,0.00322421856588447,0.0,0.0783558124598587,0.0,0.0789980732177264,0.703917790622993,0.21708413615928066,-62.66295081967213,0.10854206807964033,0.24470134874759153,0.0
146.1826484018265,0.0038133664432592456,0.0,0.09056316590563165,0.00989345509893455,0.10121765601217655,0.7031963470319634,0.19558599695585996,-62.45284489477786,0.13165905631659056,0.21841704718417046,0.0
266.697628458498,0.003273956227161103,0.0,0.07575757575757576,0.001976284584980237,0.08102766798418973,0.650197628458498,0.26877470355731226,-63.01401179941003,0.11264822134387352,0.30303030303030304,0.0
245.1131794489948,0.0037282079946799355,0.0,0.09307520476545049,0.011913626209977662,0.10945644080416977,0.6284437825763217,0.26209977661950856,-62.830756712774615,0.14370811615785556,0.265078183172003,0.0
190.10601265822785,0.003933987538208588,0.0,0.0949367088607595,0.014240506329113924,0.1115506329113924,0.6661392405063291,0.22231012658227847,-62.59883236030025,0.13924050632911392,0.2412974683544304,0.0
183.24072612470403,0.003926696558887548,0.0,0.10576164167324388,0.0015785319652722968,0.11128650355169692,0.6219415943172849,0.26677190213101815,-62.93801652892562,0.14127861089187055,0.2280978689818469,0.0
296.37432795698925,0.0033369950985219065,0.0,0.08602150537634409,0.012096774193548387,0.09879032258064516,0.6021505376344086,0.29905913978494625,-62.76999238385377,0.12298387096774194,0.3125,0.0
129.22998544395924,0.0036241916175836727,0.0,0.08660844250363901,0.002183406113537118,0.08879184861717612,0.7314410480349345,0.17976710334788937,-62.806523350630094,0.12081513828238719,0.22343522561863174,0.0
220.87587276958882,0.0038809156195717567,0.0,0.09930178432893716,0.01474010861132661,0.11559348332040341,0.6702870442203258,0.21411947245927077,-62.17529215358932,0.143522110162917,0.2746314972847168,0.0
152.929173693086,0.0041672585885736005,0.0,0.10033726812816189,0.0,0.10286677908937605,0.7234401349072512,0.1736930860033727,-62.52173913043478,0.14165261382799327,0.22934232715008432,0.0
138.35964125560537,0.004464403089115821,0.0,0.10941704035874439,0.011659192825112108,0.12286995515695068,0.6995515695067265,0.17757847533632287,-62.66605672461116,0.15426008968609867,0.19103139013452916,0.0
157.4716618635927,0.004794857593683096,0.0,0.12487992315081652,0.01440922190201729,0.14217098943323728,0.6609029779058597,0.19692603266090297,-61.74212598425197,0.17675312199807877,0.21902017291066284,0.0
197.4523227383863,0.004058517989676695,0.0,0.10187449062754686,0.0,0.10350448247758762,0.6968215158924206,0.19967400162999185,-62.804856895056375,0.1361043194784026,0.26487367563162184,0.0
116.34488588334742,0.004215230393127338,0.0,0.10481825866441251,0.01098901098901099,0.11665257819103973,0.7210481825866442,0.16229923922231615,-62.76420695504665,0.1521555367709214,0.19357565511411665,0.0
155.54022988505747,0.0040905922283965635,0.0,0.08456486042692939,0.0,0.08538587848932677,0.729064039408867,0.18555008210180624,-62.71952259164535,0.12561576354679804,0.21674876847290642,0.0
121.73130649137222,0.004105359119804282,0.0,0.10353327855382087,0.007395234182415777,0.11175020542317174,0.7411668036154478,0.14708299096138044,-62.412448132780085,0.14626129827444537,0.22350041084634348,0.0
186.60722702278082,0.0039189559108806105,0.0,0.09583660644147683,0.007855459544383346,0.1044776119402985,0.6983503534956795,0.197172034564022,-62.865894039735096,0.13982717989002358,0.22388059701492538,0.0
203.19844357976655,0.003870131256424378,0.0,0.09494163424124513,0.0007782101167315176,0.09883268482490272,0.7066147859922179,0.19455252918287938,-62.38091286307054,0.12996108949416343,0.27704280155642025,0.0
348.4919871794872,0.003993698378611108,0.0,0.09695512820512821,0.011217948717948718,0.11458333333333333,0.6025641025641025,0.2828525641025641,-62.271780303030305,0.13541666666666666,0.3293269230769231,0.0
246.928716904277,0.00339907213397648,0.0,0.07331975560081466,0.002036659877800407,0.07603530210454854,0.5960624575695859,0.32790224032586557,-62.51430667644901,0.12763068567549218,0.2545824847250509,0.0
227.38622754491018,0.0037465411625551373,0.0,0.08907185628742514,0.010479041916167664,0.10404191616766467,0.6811377245508982,0.2148203592814371,-62.048701298701296,0.12574850299401197,0.2687125748502994,0.0
286.1173184357542,0.003979237125323603,0.0,0.10215482841181166,0.01675977653631285,0.12130885873902633,0.6129289704708699,0.2657621707901037,-62.507181328545784,0.14365522745411013,0.28092577813248204,0.0
134.40746500777604,0.0038963239944398635,0.0,0.09875583203732503,0.006998444790046656,0.10653188180404355,0.7325038880248833,0.16096423017107309,-63.033254156769594,0.13608087091757387,0.21073094867807154,0.0
215.41278538812784,0.004514590259879773,0.0,0.11598173515981736,0.012785388127853882,0.13059360730593608,0.6593607305936073,0.2100456621004566,-62.432485322896284,0.1643835616438356,0.26118721461187216,0.0
114.67835820895522,0.0037217993091700056,0.0,0.0955223880597015,0.0,0.0955223880597015,0.7738805970149254,0.13059701492537312,-62.44620015048909,0.1328358208955224,0.23432835820895523,0.0
163.13423959218352,0.0042499887699983556,0.0,0.0994052676295667,0.021240441801189464,0.12149532710280374,0.7153780798640612,0.1631265930331351,-62.315140845070424,0.1427357689039932,0.221750212404418,0.0
155.58671586715866,0.004590662562615984,0.0,0.09225092250922509,0.0009225092250922509,0.09686346863468635,0.7250922509225092,0.17804428044280443,-62.98949379178605,0.12638376383763839,0.22509225092250923,0.0
136.2302463891249,0.004208840885940863,0.0,0.0951571792693288,0.004248088360237893,0.10025488530161428,0.7417162276975361,0.1580288870008496,-63.65134431916739,0.1308411214953271,0.22259983007646558,0.0
105.68461538461538,0.004262096561663573,0.0,0.09316239316239316,0.013675213675213675,0.11452991452991453,0.7700854700854701,0.11538461538461539,-63.65526090675791,0.13931623931623932,0.18803418803418803,0.0
